{
    "sequences": [
        {
            "name": "Peter's Brünnele (F-Dur)",
            "notes": [
                {"note": "A", "duration": 8},
                {"note": "G", "duration": 8},
                {"note": "F", "duration": 4},
                {"note": "C", "duration": 8},
                {"note": "F", "duration": 8},
                {"note": "C", "duration": 8},
                {"note": "F", "duration": 8},
                {"note": "E", "duration": 8},
                {"note": "A", "duration": 8},
                {"note": "A", "duration": 8}
            ]
        },
        {
            "name": "Twinkle Twinkle",
            "notes": [
                {"note": "C", "duration": 4},
                {"note": "C", "duration": 4},
                {"note": "G", "duration": 4},
                {"note": "G", "duration": 4},
                {"note": "A", "duration": 4},
                {"note": "A", "duration": 4},
                {"note": "G", "duration": 4}
            ]
        },
        {
            "name": "Mary Had a Little Lamb",
            "notes": [
                {"note": "E", "duration": 4},
                {"note": "D", "duration": 4},
                {"note": "C", "duration": 4},
                {"note": "D", "duration": 4},
                {"note": "E", "duration": 4},
                {"note": "E", "duration": 4},
                {"note": "E", "duration": 4}
            ]
        },
        {
            "name": "Haydn's Fifth (Beginning)",
            "notes": [
                {"note": "C", "duration": 4},
                {"note": "G", "duration": 4},
                {"note": "E", "duration": 4},
                {"note": "C", "duration": 2},
                {"note": "C", "duration": 4},
                {"note": "G", "duration": 4},
                {"note": "E", "duration": 4},
                {"note": "C", "duration": 2},
                {"note": "G", "duration": 4},
                {"note": "C", "duration": 4},
                {"note": "G", "duration": 4},
                {"note": "E", "duration": 4},
                {"note": "C", "duration": 4}
            ]
        }
    ]
}
